Arches National Park, UT, 76519
Badlands National Park, SD, 242756
Biscayne National Park, FL, 172924
Black Canyon of the Gunnison National Park, CO, 32950
Bryce Canyon National Park, UT, 35835
Capitol Reef National Park, UT, 241904
Carlsbad Caverns National Park, NM, 46766
Channel Islands National Park, CA, 249561
Congaree National Park, SC, 26546
Crater Lake National Park, OR, 183224
Cuyahoga Valley National Park, OH, 32950
Dry Tortugas National Park, FL, 64701
Great Basin National Park, NV, 77180
Great Sand Dunes National Park and Preserve, CO, 42984
Guadalupe Mountains National Park, TX, 86416
Haleakala National Park, HI, 29094
Hot Springs National Park, AR, 5550
Lassen Volcanic National Park, CA, 106372
Mammoth Cave National Park, KY, 52830
Mesa Verde National Park, CO, 52122
Mount Rainier National Park, WA, 235625
Petrified Forest National Park, AZ, 93533
Pinnacles National Park, CA, 26606
Redwood National Park, CA, 112512
Rocky Mountain National Park, CO, 265828
Saguaro National Park, AZ, 91440
Shenandoah National Park, VA, 199045
Theodore Roosevelt National Park, ND, 70447
Voyageurs National Park, MN, 218200
Wind Cave National Park, SD, 28295
Zion National Park, UT, 146598

